time_tag,predicted_ssn,high_ssn,low_ssn,predicted_f10.7,high_f10.7,low_f10.7
2023-07-01,123.2,124.2,122.2,157.4,158.4,156.4
2023-08-01,120.6,122.6,118.6,152.9,153.9,151.9
2023-09-01,119.0,122.0,116.0,149.5,151.5,147.5
2023-10-01,118.2,123.2,113.2,147.3,150.3,144.3
2023-11-01,116.9,121.9,111.9,145.2,149.2,141.2
2023-12-01,113.1,119.1,107.1,142.6,146.6,138.6
2024-01-01,108.6,115.6,101.6,139.2,144.2,134.2
2024-02-01,106.1,113.1,99.1,136.2,145.2,127.2
2024-03-01,104.7,112.7,96.7,134.3,143.3,125.3
2024-04-01,104.1,113.1,95.1,132.9,141.9,123.9
2024-05-01,104.8,113.8,95.8,131.6,140.6,122.6
2024-06-01,105.0,115.0,95.0,129.7,138.7,120.7
2024-07-01,105.7,115.7,95.7,129.1,138.1,120.1
2024-08-01,107.1,117.1,97.1,130.1,139.1,121.1
2024-09-01,108.4,118.4,98.4,131.0,140.0,122.0
2024-10-01,109.6,119.6,99.6,131.9,140.9,122.9
2024-11-01,110.7,120.7,100.7,132.6,141.6,123.6
2024-12-01,111.6,121.6,101.6,133.3,142.3,124.3
2025-01-01,112.4,122.4,102.4,133.8,142.8,124.8
2025-02-01,113.1,123.1,103.1,134.3,143.3,125.3
2025-03-01,113.6,123.6,103.6,134.7,143.7,125.7
2025-04-01,114.0,124.0,104.0,135.0,144.0,126.0
2025-05-01,114.3,124.3,104.3,135.2,144.2,126.2
2025-06-01,114.5,124.5,104.5,135.3,144.3,126.3
2025-07-01,114.6,124.6,104.6,135.4,144.4,126.4
2025-08-01,114.5,124.5,104.5,135.3,144.3,126.3
2025-09-01,114.3,124.3,104.3,135.2,144.2,126.2
2025-10-01,114.1,124.1,104.1,135.0,144.0,126.0
2025-11-01,113.6,123.6,103.6,134.7,143.7,125.7
2025-12-01,113.1,123.1,103.1,134.3,143.3,125.3
2026-01-01,112.5,122.5,102.5,133.9,142.9,124.9
2026-02-01,111.8,121.8,101.8,133.4,142.4,124.4
2026-03-01,110.9,120.9,100.9,132.8,141.8,123.8
2026-04-01,110.0,120.0,100.0,132.2,141.2,123.2
2026-05-01,109.0,119.0,99.0,131.4,140.4,122.4
2026-06-01,107.9,117.9,97.9,130.7,139.7,121.7
2026-07-01,106.7,116.7,96.7,129.8,138.8,120.8
2026-08-01,105.4,115.4,95.4,128.9,137.9,119.9
2026-09-01,104.1,114.1,94.1,128.0,137.0,119.0
2026-10-01,102.7,112.7,92.7,127.0,136.0,118.0
2026-11-01,101.2,111.2,91.2,126.0,135.0,117.0
2026-12-01,99.6,109.6,89.6,124.9,133.9,115.9
2027-01-01,98.0,108.0,88.0,123.7,132.7,114.7
2027-02-01,96.3,106.3,86.3,122.6,131.6,113.6
2027-03-01,94.6,104.6,84.6,121.4,130.4,112.4
2027-04-01,92.8,102.8,82.8,120.2,129.2,111.2
2027-05-01,91.0,101.0,81.0,118.9,127.9,109.9
2027-06-01,89.2,99.2,79.2,117.6,126.6,108.6
2027-07-01,87.3,97.3,77.3,116.3,125.3,107.3
2027-08-01,85.4,95.4,75.4,115.0,124.0,106.0
2027-09-01,83.4,93.4,73.4,113.7,122.7,104.7
2027-10-01,81.5,91.5,71.5,112.4,121.4,103.4
2027-11-01,79.5,89.5,69.5,111.0,120.0,102.0
2027-12-01,77.5,87.5,67.5,109.7,118.7,100.7
2028-01-01,75.5,85.5,65.5,108.3,117.3,99.3
2028-02-01,73.5,83.5,63.5,107.0,116.0,98.0
2028-03-01,71.5,81.5,61.5,105.7,114.7,96.7
2028-04-01,69.4,79.4,59.4,104.4,113.4,95.4
2028-05-01,67.4,77.4,57.4,103.1,112.1,94.1
2028-06-01,65.4,75.4,55.4,101.8,110.8,92.8
2028-07-01,63.4,73.4,53.4,100.5,109.5,91.5
2028-08-01,61.5,71.5,51.5,99.2,108.2,90.2
2028-09-01,59.5,69.5,49.5,98.0,107.0,89.0
2028-10-01,57.6,67.6,47.6,96.7,105.7,87.7
2028-11-01,55.6,65.6,45.6,95.6,104.6,86.6
2028-12-01,53.7,63.7,43.7,94.4,103.4,85.4
2029-01-01,51.9,61.9,41.9,93.2,102.2,84.2
2029-02-01,50.0,60.0,40.0,92.1,101.1,83.1
2029-03-01,48.2,58.2,38.2,91.0,100.0,82.0
2029-04-01,46.4,56.4,36.4,90.0,99.0,81.0
2029-05-01,44.7,54.7,34.7,89.0,98.0,80.0
2029-06-01,43.0,53.0,33.0,88.0,97.0,79.0
2029-07-01,41.3,51.3,31.3,87.0,96.0,78.0
2029-08-01,39.6,49.6,29.6,86.1,95.1,77.1
2029-09-01,38.0,48.0,28.0,85.2,94.2,76.2
2029-10-01,36.4,46.4,26.4,84.3,93.3,75.3
2029-11-01,34.9,44.9,24.9,83.5,92.5,74.5
2029-12-01,33.4,43.4,23.4,82.7,91.7,73.7
2030-01-01,32.0,42.0,22.0,81.9,90.9,72.9
2030-02-01,30.6,40.6,20.6,81.1,90.1,72.1
2030-03-01,29.2,39.2,19.2,80.4,89.4,71.4
2030-04-01,27.9,37.9,17.9,79.7,88.7,70.7
2030-05-01,26.6,36.6,16.6,79.1,88.1,70.1
2030-06-01,25.3,35.3,15.3,78.5,87.5,69.5
2030-07-01,24.1,34.1,14.1,77.9,86.9,68.9
2030-08-01,23.0,33.0,13.0,77.3,86.3,68.3
2030-09-01,21.8,31.8,11.8,76.8,85.8,67.8
2030-10-01,20.8,30.8,10.8,76.2,85.2,67.7
2030-11-01,19.7,29.7,9.7,75.8,84.8,67.7
2030-12-01,18.7,28.7,8.7,75.3,84.3,67.7
2031-01-01,17.8,27.8,7.8,74.8,83.8,67.7
2031-02-01,16.8,26.8,6.8,74.4,83.4,67.7
2031-03-01,15.9,25.9,5.9,74.0,83.0,67.7
2031-04-01,15.1,25.1,5.1,73.7,82.7,67.7
2031-05-01,14.3,24.3,4.3,73.3,82.3,67.7
2031-06-01,13.5,23.5,3.5,73.0,82.0,67.7
2031-07-01,12.7,22.7,2.7,72.6,81.6,67.7
2031-08-01,12.0,22.0,2.0,72.3,81.3,67.7
2031-09-01,11.3,21.3,1.3,72.0,81.0,67.7
2031-10-01,10.7,20.7,0.7,71.8,80.8,67.7
2031-11-01,10.1,20.1,0.1,71.5,80.5,67.7
2031-12-01,9.5,19.5,0.0,71.3,80.3,67.7
2032-01-01,8.9,18.9,0.0,71.1,80.1,67.7
2032-02-01,8.4,18.4,0.0,70.8,79.8,67.7
2032-03-01,7.9,17.9,0.0,70.6,79.6,67.7
2032-04-01,7.4,17.4,0.0,70.5,79.5,67.7
2032-05-01,6.9,16.9,0.0,70.3,79.3,67.7
2032-06-01,6.5,16.5,0.0,70.1,79.1,67.7
2032-07-01,6.1,16.1,0.0,70.0,79.0,67.7
2032-08-01,5.7,15.7,0.0,69.8,78.8,67.7
2032-09-01,5.3,15.3,0.0,69.7,78.7,67.7
2032-10-01,5.0,15.0,0.0,69.5,78.5,67.7
2032-11-01,4.7,14.7,0.0,69.4,78.4,67.7
2032-12-01,4.4,14.4,0.0,69.3,78.3,67.7
2033-01-01,4.1,14.1,0.0,69.2,78.2,67.7
2033-02-01,3.8,13.8,0.0,69.1,78.1,67.7
2033-03-01,3.5,13.5,0.0,69.0,78.0,67.7
2033-04-01,3.3,13.3,0.0,68.9,77.9,67.7
2033-05-01,3.1,13.1,0.0,68.8,77.8,67.7
2033-06-01,2.9,12.9,0.0,68.8,77.8,67.7
2033-07-01,2.7,12.7,0.0,68.7,77.7,67.7
2033-08-01,2.5,12.5,0.0,68.6,77.6,67.7
2033-09-01,2.3,12.3,0.0,68.6,77.6,67.7
2033-10-01,2.1,12.1,0.0,68.5,77.5,67.7
2033-11-01,2.0,12.0,0.0,68.4,77.4,67.7
2033-12-01,1.8,11.8,0.0,68.4,77.4,67.7
2034-01-01,1.7,11.7,0.0,68.3,77.3,67.7
2034-02-01,1.6,11.6,0.0,68.3,77.3,67.7
2034-03-01,1.5,11.5,0.0,68.3,77.3,67.7
2034-04-01,1.4,11.4,0.0,68.2,77.2,67.7
2034-05-01,1.3,11.3,0.0,68.2,77.2,67.7
2034-06-01,1.2,11.2,0.0,68.2,77.2,67.7
2034-07-01,1.1,11.1,0.0,68.1,77.1,67.7
2034-08-01,1.0,11.0,0.0,68.1,77.1,67.7
2034-09-01,0.9,10.9,0.0,68.1,77.1,67.7
2034-10-01,0.8,10.8,0.0,68.1,77.1,67.7
2034-11-01,0.8,10.8,0.0,68.0,77.0,67.7
2034-12-01,0.7,10.7,0.0,68.0,77.0,67.7
2035-01-01,0.7,10.7,0.0,68.0,77.0,67.7
2035-02-01,0.6,10.6,0.0,68.0,77.0,67.7
2035-03-01,0.6,10.6,0.0,68.0,77.0,67.7
2035-04-01,0.5,10.5,0.0,67.9,76.9,67.7
2035-05-01,0.5,10.5,0.0,67.9,76.9,67.7
2035-06-01,0.4,10.4,0.0,67.9,76.9,67.7
2035-07-01,0.4,10.4,0.0,67.9,76.9,67.7
2035-08-01,0.4,10.4,0.0,67.9,76.9,67.7
2035-09-01,0.4,10.4,0.0,67.9,76.9,67.7
2035-10-01,0.3,10.3,0.0,67.9,76.9,67.7
2035-11-01,0.3,10.3,0.0,67.9,76.9,67.7
2035-12-01,0.3,10.3,0.0,67.9,76.9,67.7
2036-01-01,0.3,10.3,0.0,67.9,76.9,67.7
2036-02-01,0.2,10.2,0.0,67.8,76.8,67.7
2036-03-01,0.2,10.2,0.0,67.8,76.8,67.7
2036-04-01,0.2,10.2,0.0,67.8,76.8,67.7
2036-05-01,0.2,10.2,0.0,67.8,76.8,67.7
2036-06-01,0.2,10.2,0.0,67.8,76.8,67.7
2036-07-01,0.2,10.2,0.0,67.8,76.8,67.7
2036-08-01,0.2,10.2,0.0,67.8,76.8,67.7
2036-09-01,0.1,10.1,0.0,67.8,76.8,67.7
2036-10-01,0.1,10.1,0.0,67.8,76.8,67.7
2036-11-01,0.1,10.1,0.0,67.8,76.8,67.7
2036-12-01,0.1,10.1,0.0,67.8,76.8,67.7
2037-01-01,0.1,10.1,0.0,67.8,76.8,67.7
2037-02-01,0.1,10.1,0.0,67.8,76.8,67.7
2037-03-01,0.1,10.1,0.0,67.8,76.8,67.7
2037-04-01,0.1,10.1,0.0,67.8,76.8,67.7
2037-05-01,0.1,10.1,0.0,67.8,76.8,67.7
2037-06-01,0.1,10.1,0.0,67.8,76.8,67.7
2037-07-01,0.1,10.1,0.0,67.8,76.8,67.7
2037-08-01,0.1,10.1,0.0,67.8,76.8,67.7
2037-09-01,0.1,10.1,0.0,67.8,76.8,67.7
2037-10-01,0.1,10.1,0.0,67.8,76.8,67.7
2037-11-01,0.1,10.1,0.0,67.8,76.8,67.7
2037-12-01,0.1,10.1,0.0,67.8,76.8,67.7
2038-01-01,0.1,10.1,0.0,67.8,76.8,67.7
2038-02-01,0.1,10.1,0.0,67.8,76.8,67.7
2038-03-01,0.1,10.1,0.0,67.8,76.8,67.7
2038-04-01,0.1,10.1,0.0,67.8,76.8,67.7
2038-05-01,0.1,10.1,0.0,67.8,76.8,67.7
2038-06-01,0.1,10.1,0.0,67.8,76.8,67.7
2038-07-01,0.1,10.1,0.0,67.8,76.8,67.7
2038-08-01,0.1,10.1,0.0,67.8,76.8,67.7
2038-09-01,0.1,10.1,0.0,67.8,76.8,67.7
2038-10-01,0.1,10.1,0.0,67.8,76.8,67.7
2038-11-01,0.1,10.1,0.0,67.8,76.8,67.7
2038-12-01,0.1,10.1,0.0,67.8,76.8,67.7
2039-01-01,0.1,10.1,0.0,67.8,76.8,67.7
2039-02-01,0.1,10.1,0.0,67.8,76.8,67.7
2039-03-01,0.1,10.1,0.0,67.8,76.8,67.7
2039-04-01,0.1,10.1,0.0,67.8,76.8,67.7
2039-05-01,0.1,10.1,0.0,67.8,76.8,67.7
2039-06-01,0.1,10.1,0.0,67.8,76.8,67.7
2039-07-01,0.1,10.1,0.0,67.8,76.8,67.7
2039-08-01,0.1,10.1,0.0,67.8,76.8,67.7
2039-09-01,0.1,10.1,0.0,67.8,76.8,67.7
2039-10-01,0.1,10.1,0.0,67.8,76.8,67.7
2039-11-01,0.1,10.1,0.0,67.8,76.8,67.7
2039-12-01,0.1,10.1,0.0,67.8,76.8,67.7
2040-01-01,0.1,10.1,0.0,67.8,76.8,67.7
2040-02-01,0.1,10.1,0.0,67.8,76.8,67.7
2040-03-01,0.1,10.1,0.0,67.8,76.8,67.7
2040-04-01,0.1,10.1,0.0,67.8,76.8,67.7
2040-05-01,0.1,10.1,0.0,67.8,76.8,67.7
2040-06-01,0.1,10.1,0.0,67.8,76.8,67.7
2040-07-01,0.0,9.0,0.0,67.73,8.0,67.7
2040-08-01,0.0,9.0,0.0,67.73,8.0,67.7
2040-09-01,0.0,9.0,0.0,67.73,8.0,67.7
2040-10-01,0.0,9.0,0.0,67.73,8.0,67.7
2040-11-01,0.0,9.0,0.0,67.73,8.0,67.7
2040-12-01,0.0,9.0,0.0,67.73,8.0,67.7
